{"train_loss": [1.7990291771980433, 1.28891248943714, 1.208405969807735, 1.1622594680923681, 1.220552952816853, 1.1517853198143153, 1.153336349588174, 1.0234583392739296, 0.98203819961502, 0.9776340757425015], "train_acc": [27.34422262552934, 43.85964912280702, 46.06775559588627, 50.66545674531155, 46.70296430732002, 52.11736237144586, 51.33091349062311, 58.37870538415003, 60.01209921355112, 60.617059891107075], "val_loss": [1.5151880631844203, 1.2823799401521683, 1.2244714101155598, 1.2483799904584885, 1.19049966832002, 1.175570120414098, 1.125032474597295, 1.045678640405337, 1.0576943457126617, 1.04430357615153], "val_acc": [38.73626373626374, 42.857142857142854, 47.527472527472526, 47.527472527472526, 50.0, 51.92307692307692, 51.64835164835165, 59.61538461538461, 57.967032967032964, 58.24175824175824]}