{
    "loss": [
        0.003987255971878767,
        0.002619643695652485,
        0.002576864091679454,
        0.002558815758675337,
        0.002525273710489273,
        0.002514521824195981,
        0.002396342111751437,
        0.002323184395208955,
        0.0022854653652757406,
        0.0022627259604632854
    ],
    "val_loss": [
        0.0031789864879101515,
        0.0030806632712483406,
        0.003027301747351885,
        0.0029756042640656233,
        0.0029568986501544714,
        0.002961265156045556,
        0.002842885907739401,
        0.0028268680907785892,
        0.002797660417854786,
        0.002740599447861314
    ],
    "mae": [
        0.045907944440841675,
        0.03917016461491585,
        0.03881373628973961,
        0.0386405773460865,
        0.038362205028533936,
        0.038298387080430984,
        0.037393826991319656,
        0.03679373487830162,
        0.036487821489572525,
        0.0363161675632
    ],
    "val_mae": [
        0.04378359392285347,
        0.04296240583062172,
        0.04256878420710564,
        0.04219555854797363,
        0.042039237916469574,
        0.04207595810294151,
        0.04123963788151741,
        0.04111986979842186,
        0.040853261947631836,
        0.04040348902344704
    ],
    "test_rmse": 0.051751767782928615,
    "test_mae": 0.039963248255610685,
    "test_r2": 0.2214078926220423
}