{
  "model_base": {
    "train_loss": [
      0.305744844241943,
      0.1899624539690698,
      0.14717498302308238,
      0.12879701519906744,
      0.12833693969071877,
      0.08555517353311023,
      0.09859858476136059,
      0.08092385530191283,
      0.06424445797849154,
      0.06605262665247408
    ],
    "train_acc": [
      87.48114630467572,
      93.28808446455506,
      94.57013574660634,
      95.62594268476622,
      96.00301659125189,
      97.1342383107089,
      97.51131221719457,
      97.96380090497738,
      98.26546003016591,
      97.51131221719457
    ],
    "val_loss": [
      0.07129616613706781,
      0.039374968502670527,
      0.009787441874424176,
      0.029024995375140052,
      0.030621692130807787,
      0.005020667426934879,
      0.004315014115288957,
      0.004172294484710114,
      0.020327683790431667,
      0.011108671542994367
    ],
    "val_acc": [
      98.6013986013986,
      100.0,
      100.0,
      98.6013986013986,
      99.3006993006993,
      100.0,
      100.0,
      100.0,
      100.0,
      100.0
    ]
  },
  "model_cbam": {
    "train_loss": [
      0.3108582160974213,
      0.15260126313660294,
      0.15211064254455492,
      0.15641581631372178,
      0.10018893385569688,
      0.08908400164513164,
      0.05630861414899399,
      0.06957847674598873,
      0.06961974231189633,
      0.1079703672026026
    ],
    "train_acc": [
      85.59577677224736,
      94.72096530920061,
      94.2684766214178,
      94.72096530920061,
      96.53092006033182,
      97.43589743589743,
      98.56711915535445,
      97.96380090497738,
      97.66214177978884,
      96.9079939668175
    ],
    "val_loss": [
      0.20045697084990227,
      0.0691763679496944,
      0.015553466520941583,
      0.012781359349092882,
      0.02803004375568384,
      0.01599894291979985,
      0.005338196189970606,
      0.01474126801703177,
      0.010235679523450218,
      0.013007781300176349
    ],
    "val_acc": [
      90.20979020979021,
      94.4055944055944,
      100.0,
      100.0,
      99.3006993006993,
      100.0,
      100.0,
      100.0,
      100.0,
      100.0
    ]
  },
  "config": {
    "num_epochs": 10,
    "batch_size": 8,
    "learning_rate": 0.001,
    "model_base_params": 2.88077,
    "model_cbam_params": 3.085668
  },
  "final_results": {
    "base_val_acc": 100.0,
    "cbam_val_acc": 100.0,
    "accuracy_improvement": 0.0
  }
}