{
    "model_name": "AlexNet (Fine-tuned)",
    "train_losses": [
        1.5581392171266286,
        0.4517831521756623,
        0.2002701416976102,
        0.1284184941019782,
        0.09910327373021889,
        0.07029991716389423,
        0.054636297896175405,
        0.0870341868797803,
        0.06592811387900324,
        0.03785972812060525
    ],
    "val_losses": [
        0.923511415719986,
        0.8763855242210886,
        0.9103158184367678,
        0.8942183683747831,
        0.8748537930457488,
        1.0000516461289448,
        0.9349921114094879,
        1.0576887658756713,
        0.9633432072789773,
        1.054571939551312
    ],
    "train_accs": [
        0.5519701086956522,
        0.8614130434782609,
        0.9368206521739131,
        0.9592391304347826,
        0.970108695652174,
        0.9769021739130435,
        0.9823369565217391,
        0.9741847826086957,
        0.9765625,
        0.9894701086956522
    ],
    "val_accs": [
        0.7119565217391305,
        0.7432065217391305,
        0.7527173913043478,
        0.7459239130434783,
        0.7608695652173914,
        0.7364130434782609,
        0.7595108695652174,
        0.7336956521739131,
        0.7595108695652174,
        0.7581521739130435
    ],
    "best_val_acc": 0.7608695652173914
}