{
    "model_name": "AlexNet (No Fine-tuning)",
    "train_losses": [
        1.3867609440956428,
        0.40036429132780305,
        0.22458156480190708,
        0.1533000087846354,
        0.11111001177999677,
        0.12734925285179127,
        0.09769701430670229,
        0.08963783515766567,
        0.08154318902265716,
        0.10175120820001568
    ],
    "val_losses": [
        0.856104200300963,
        0.9810672972513281,
        0.883231161405211,
        0.859807023535604,
        1.0063930503700091,
        0.9750210461409196,
        1.0079796761274338,
        1.05172032992477,
        1.0569888304757036,
        1.2098322099317675
    ],
    "train_accs": [
        0.6171875,
        0.8644701086956522,
        0.9198369565217391,
        0.9483695652173914,
        0.9643342391304348,
        0.9616168478260869,
        0.96875,
        0.9714673913043478,
        0.9745244565217391,
        0.9667119565217391
    ],
    "val_accs": [
        0.7255434782608695,
        0.720108695652174,
        0.7554347826086957,
        0.7595108695652174,
        0.7377717391304348,
        0.7445652173913043,
        0.7608695652173914,
        0.7445652173913043,
        0.7472826086956522,
        0.7214673913043478
    ],
    "best_val_acc": 0.7608695652173914
}