{
    "train_losses": [
        0.42723875229849534,
        0.3272809548413052,
        0.28083878711742516,
        0.25812042942818475,
        0.24527477385366664,
        0.23029060311177196,
        0.21638924584669225,
        0.21345960348844528,
        0.20700852748225718,
        0.18919909000396729
    ],
    "val_losses": [
        0.637276334895028,
        0.31452124151918626,
        0.29890433616108364,
        0.25062136352062225,
        0.2988729443815019,
        0.23748614225122663,
        0.24279854198296866,
        0.20288793494304022,
        0.1964505778418647,
        0.20271357148885727
    ],
    "train_ious": [
        0.2148253918465675,
        0.33296541142789016,
        0.46796482224548036,
        0.4985279340548663,
        0.5192787230359808,
        0.5346768627195202,
        0.5630216693402522,
        0.575824603119008,
        0.5863811628933194,
        0.6083965168570324
    ],
    "val_ious": [
        0.2965728488594775,
        0.46086117225433504,
        0.5079519266642658,
        0.42127496925078584,
        0.4878338686217661,
        0.4558396756007549,
        0.42445687792752296,
        0.5738165734321181,
        0.5961727259520361,
        0.5826516433485888
    ],
    "train_dices": [
        0.3447871565394161,
        0.4883444017932488,
        0.6328348897723547,
        0.6609241826488257,
        0.6799980938528979,
        0.6930374494116054,
        0.7177627990751418,
        0.7274499782479117,
        0.73558758321952,
        0.7548084404813964
    ],
    "val_dices": [
        0.4553666892319239,
        0.627015851627037,
        0.6712297487652832,
        0.5884997083188562,
        0.6539583379429604,
        0.6241253732269418,
        0.5928565926577667,
        0.7271743499110895,
        0.745620804885108,
        0.7340201237653355
    ]
}